Title,Main Image URL,City,Bedrooms,Bathrooms,Sleeps,Link,Non-Tracked Link,Local/Greater,Adjusted Main Image URL,,,,,,,,,,,,,,,,"<tr class=""row"">
    <!-- CARD 1 -->
    <td class=""column"" width=""33.33%"" style=""padding:8px;vertical-align:top;"">
      <table role=""presentation"" width=""100%"" cellpadding=""0"" cellspacing=""0""
             style=""table-layout:fixed;border:1px solid #ddd;border-radius:8px;background:#fff;height:100%;font-size:16px;line-height:26px;box-shadow:0 4px 12px rgba(0,0,0,.15);"">
        <!-- Image -->
        <tr>
          <!-- remove any gap above image -->
          <td style=""padding:0;line-height:0;font-size:0;mso-line-height-rule:exactly;border-top-left-radius:8px;border-top-right-radius:8px;"">
            <a href=""https://vrbo.com/affiliates/3355390.n1Yxz2F"" style=""display:block;text-decoration:none;"">
              <img src=""https://cdn.jsdelivr.net/gh/VFDavid/STCScoop@Vrbo/images/vrbo/f1c1e277931af339.jpg""
                   alt=""Stunning Lake View - Cabin 11, South Haven, MN"" border=""0""
                   style=""display:block;width:100%;height:auto;border:0;outline:none;text-decoration:none;border-top-left-radius:8px;border-top-right-radius:8px;"">
            </a>
          </td>
        </tr>
        <!-- Body -->
        <tr>
          <td style=""padding:6px 10px 6px;"">
            <!-- 2-line clamp on desktop; mobile unlocks below -->
            <div class=""vrbo-title"" style=""font-size:16px;line-height:20px;height:auto;overflow:hidden;font-weight:bold;margin:0 0 4px;"">
              <a href=""https://vrbo.com/affiliates/3355390.n1Yxz2F"" style=""color:#0A66C2;text-decoration:none;"">Stunning Lake View - Cabin 11</a>
            </div>
            <div style=""font-size:13px;line-height:18px;color:#555;margin:0 0 8px;"">South Haven, MN</div>
            <table role=""presentation"" width=""100%"" cellpadding=""0"" cellspacing=""0"" style=""border-top:1px solid #eee;table-layout:fixed;"">
              <tr>
                <td align=""center"" style=""padding:4px 0;font-size:12px;color:#222;white-space:nowrap;""><strong>2</strong> BR</td>
                <td align=""center"" style=""padding:4px 0;font-size:12px;color:#222;border-left:1px solid #eee;border-right:1px solid #eee;white-space:nowrap;""><strong>1</strong> BA</td>
                <td align=""center"" style=""padding:4px 0;font-size:12px;color:#222;white-space:nowrap;"">Sleeps <strong>4</strong></td>
              </tr>
            </table>
          </td>
        </tr>
      </table>
    </td>
    <!-- CARD 2 -->
    <td class=""column"" width=""33.33%"" style=""padding:8px;vertical-align:top;"">
      <table role=""presentation"" width=""100%"" cellpadding=""0"" cellspacing=""0""
             style=""table-layout:fixed;border:1px solid #ddd;border-radius:8px;background:#fff;height:100%;font-size:16px;line-height:26px;box-shadow:0 4px 12px rgba(0,0,0,.15);"">
        <!-- Image -->
        <tr>
          <!-- remove any gap above image -->
          <td style=""padding:0;line-height:0;font-size:0;mso-line-height-rule:exactly;border-top-left-radius:8px;border-top-right-radius:8px;"">
            <a href=""https://vrbo.com/affiliates/2203843.tWsa8P0"" style=""display:block;text-decoration:none;"">
              <img src=""https://cdn.jsdelivr.net/gh/VFDavid/STCScoop@Vrbo/images/vrbo/f1de54f07cac3656.jpg""
                   alt=""Bayview Cottage – Lakeside Getaway with Dock, Beach Access & Near Canal Park, Duluth, MN"" border=""0""
                   style=""display:block;width:100%;height:auto;border:0;outline:none;text-decoration:none;border-top-left-radius:8px;border-top-right-radius:8px;"">
            </a>
          </td>
        </tr>
        <!-- Body -->
        <tr>
          <td style=""padding:6px 10px 6px;"">
            <!-- 2-line clamp on desktop; mobile unlocks below -->
            <div class=""vrbo-title"" style=""font-size:16px;line-height:20px;height:auto;overflow:hidden;font-weight:bold;margin:0 0 4px;"">
              <a href=""https://vrbo.com/affiliates/2203843.tWsa8P0"" style=""color:#0A66C2;text-decoration:none;"">Bayview Cottage – Lakeside Getaway with Dock, Beach Access & Near Canal Park</a>
            </div>
            <div style=""font-size:13px;line-height:18px;color:#555;margin:0 0 8px;"">Duluth, MN</div>
            <table role=""presentation"" width=""100%"" cellpadding=""0"" cellspacing=""0"" style=""border-top:1px solid #eee;table-layout:fixed;"">
              <tr>
                <td align=""center"" style=""padding:4px 0;font-size:12px;color:#222;white-space:nowrap;""><strong>3</strong> BR</td>
                <td align=""center"" style=""padding:4px 0;font-size:12px;color:#222;border-left:1px solid #eee;border-right:1px solid #eee;white-space:nowrap;""><strong>2</strong> BA</td>
                <td align=""center"" style=""padding:4px 0;font-size:12px;color:#222;white-space:nowrap;"">Sleeps <strong>7</strong></td>
              </tr>
            </table>
          </td>
        </tr>
      </table>
    </td>
    <!-- CARD 3 -->
    <td class=""column"" width=""33.33%"" style=""padding:8px;vertical-align:top;"">
      <table role=""presentation"" width=""100%"" cellpadding=""0"" cellspacing=""0""
             style=""table-layout:fixed;border:1px solid #ddd;border-radius:8px;background:#fff;height:100%;font-size:16px;line-height:26px;box-shadow:0 4px 12px rgba(0,0,0,.15);"">
        <!-- Image -->
        <tr>
          <!-- remove any gap above image -->
          <td style=""padding:0;line-height:0;font-size:0;mso-line-height-rule:exactly;border-top-left-radius:8px;border-top-right-radius:8px;"">
            <a href=""https://vrbo.com/affiliates/748059.WRmvUeY"" style=""display:block;text-decoration:none;"">
              <img src=""https://cdn.jsdelivr.net/gh/VFDavid/STCScoop@Vrbo/images/vrbo/2b13b9bff9a056bb.jpg""
                   alt=""Charming Cottage On Lake Superior-15 minutes from Grand Marais and Lutsen, Lutsen, MN"" border=""0""
                   style=""display:block;width:100%;height:auto;border:0;outline:none;text-decoration:none;border-top-left-radius:8px;border-top-right-radius:8px;"">
            </a>
          </td>
        </tr>
        <!-- Body -->
        <tr>
          <td style=""padding:6px 10px 6px;"">
            <!-- 2-line clamp on desktop; mobile unlocks below -->
            <div class=""vrbo-title"" style=""font-size:16px;line-height:20px;height:auto;overflow:hidden;font-weight:bold;margin:0 0 4px;"">
              <a href=""https://vrbo.com/affiliates/748059.WRmvUeY"" style=""color:#0A66C2;text-decoration:none;"">Charming Cottage On Lake Superior-15 minutes from Grand Marais and Lutsen</a>
            </div>
            <div style=""font-size:13px;line-height:18px;color:#555;margin:0 0 8px;"">Lutsen, MN</div>
            <table role=""presentation"" width=""100%"" cellpadding=""0"" cellspacing=""0"" style=""border-top:1px solid #eee;table-layout:fixed;"">
              <tr>
                <td align=""center"" style=""padding:4px 0;font-size:12px;color:#222;white-space:nowrap;""><strong>1</strong> BR</td>
                <td align=""center"" style=""padding:4px 0;font-size:12px;color:#222;border-left:1px solid #eee;border-right:1px solid #eee;white-space:nowrap;""><strong>1</strong> BA</td>
                <td align=""center"" style=""padding:4px 0;font-size:12px;color:#222;white-space:nowrap;"">Sleeps <strong>2</strong></td>
              </tr>
            </table>
          </td>
        </tr>
      </table>
    </td>
</tr>"
Cottage on Pequaywan,https://media.vrbo.com/lodging/94000000/93410000/93405700/93405652/c2efe007.jpg?impolicy=resizecrop&rw=1200&ra=fit,"Duluth, MN",2,1,6,https://vrbo.com/affiliates/3386878.c2Isj95,https://www.vrbo.com/3386878?chkin=2025-09-12&chkout=2025-09-15&d1=2025-09-12&d2=2025-09-15&startDate=2025-09-12&endDate=2025-09-15&x_pwa=1&rfrr=HSR&pwa_ts=1757359342941&referrerUrl=aHR0cHM6Ly93d3cudnJiby5jb20vSG90ZWwtU2VhcmNo&useRewards=false&adults=2&regionId=553248635976432693&destination=St.%20Louis%20County%2C%20Minnesota%2C%20United%20States%20of%20America&destType=MARKET&selected=93405652&latLong=46.772932%2C-92.125122&privacyTrackingState=CAN_TRACK&productOffersId=2a23bbeb-309d-4153-94b5-6c56922877fd&searchId=463ee042-5564-4c37-a97b-cdc8f855ee6f&sort=RECOMMENDED&top_dp=368&top_cur=USD&userIntent=&selectedRoomType=93405652&selectedRatePlan=0004e5de598befd24c2c9adbc5dc7e92a92f&expediaPropertyId=93405652,Greater,https://cdn.jsdelivr.net/gh/VFDavid/STCScoop@Vrbo/images/vrbo/ba831c2a46d3f3b5.jpg,,,,,,,,,,,,,,,,
Sweet Retreat Cabin on Crane Lake with onsite parking and Air Conditioned!,https://media.vrbo.com/lodging/96000000/95730000/95725100/95725074/750bcc89.jpg?impolicy=resizecrop&rw=1200&ra=fit,"Crane Lake, MN",2,2,10,https://vrbo.com/affiliates/3386878.c2Isj95,https://www.vrbo.com/3482178?chkin=2025-09-12&chkout=2025-09-15&d1=2025-09-12&d2=2025-09-15&startDate=2025-09-12&endDate=2025-09-15&x_pwa=1&rfrr=HSR&pwa_ts=1757359342968&referrerUrl=aHR0cHM6Ly93d3cudnJiby5jb20vSG90ZWwtU2VhcmNo&useRewards=false&adults=2&regionId=553248635976432693&destination=St.%20Louis%20County%2C%20Minnesota%2C%20United%20States%20of%20America&destType=MARKET&selected=93405652&latLong=46.772932%2C-92.125122&privacyTrackingState=CAN_TRACK&productOffersId=2a23bbeb-309d-4153-94b5-6c56922877fd&searchId=463ee042-5564-4c37-a97b-cdc8f855ee6f&sort=RECOMMENDED&top_dp=340&top_cur=USD&userIntent=&selectedRoomType=95725074&selectedRatePlan=0004584b422c266b468aae36553124917b42&expediaPropertyId=95725074,Greater,https://cdn.jsdelivr.net/gh/VFDavid/STCScoop@Vrbo/images/vrbo/b69d89608fe6c56f.jpg,,,,,,,,,,,,,,,,
Peaceful Getaway,https://media.vrbo.com/lodging/102000000/101170000/101162000/101161964/f47573fe.jpg?impolicy=resizecrop&rw=1200&ra=fit,"St. Cloud, MN",4,2,8,https://vrbo.com/affiliates/3386878.c2Isj95,https://www.vrbo.com/3770562?chkin=2025-09-12&chkout=2025-09-15&d1=2025-09-12&d2=2025-09-15&startDate=2025-09-12&endDate=2025-09-15&x_pwa=1&rfrr=HSR&pwa_ts=1757361881372&referrerUrl=aHR0cHM6Ly93d3cudnJiby5jb20vSG90ZWwtU2VhcmNo&useRewards=false&adults=2&regionId=6059991&destination=St+Cloud%2C+Minnesota%2C+United+States+of+America&destType=MARKET&latLong=45.557945%2C-94.16324&privacyTrackingState=CAN_TRACK&productOffersId=2a23bbeb-309d-4153-94b5-6c56922877fd&searchId=a52abd76-41af-441b-a73d-c84532c2bc6f&sort=RECOMMENDED&top_dp=331&top_cur=USD&userIntent=&selectedRoomType=101161964&selectedRatePlan=000466f6f17923d247d7a738d3bb60dac562&expediaPropertyId=101161964,Local,https://cdn.jsdelivr.net/gh/VFDavid/STCScoop@Vrbo/images/vrbo/29e495fb77b23b50.jpg,,,,,,,,,,,,,,,,
Lakeside 3-bdrm chalet cabin near Alexandria - minutes from Carlos Creek Winery!,https://media.vrbo.com/lodging/34000000/33490000/33485700/33485639/4ee558bc.jpg?impolicy=resizecrop&rw=1200&ra=fit,"Alexandria, MN",3,2,12,https://vrbo.com/affiliates/667972.4Se3r8M,,Greater,https://cdn.jsdelivr.net/gh/VFDavid/STCScoop@Vrbo/images/vrbo/79a7cbe7221a408d.jpg,,,,,,,,,,,,,,,,
Multi-Family! 150 yds to Sandy Swim Beach! 4 Master Suites. Sleep up to 27!,https://media.vrbo.com/lodging/67000000/66930000/66926300/66926240/w1254h868x0y6-d2edf28d.jpg?impolicy=resizecrop&rw=1200&ra=fit,"Clitherall, MN",8,4+,24,https://vrbo.com/affiliates/2286757.InxqJab,,Greater,https://cdn.jsdelivr.net/gh/VFDavid/STCScoop@Vrbo/images/vrbo/7a5871ac248d3a79.jpg,,,,,,,,,,,,,,,,
Pumphouse on Lake Superior I 200’ Lake Superior Frontage I Incredible Views,https://media.vrbo.com/lodging/60000000/59020000/59014800/59014787/664e4ce8.jpg?impolicy=resizecrop&rw=1200&ra=fit,"Duluth, MN",2,3,5,https://vrbo.com/affiliates/2083172-dateless.WnXqRU8,,Greater,https://cdn.jsdelivr.net/gh/VFDavid/STCScoop@Vrbo/images/vrbo/22a1fb9f71a3d113.jpg,,,,,,,,,,,,,,,,
Relaxing Country Log House on 65 wooded acres,https://media.vrbo.com/lodging/84000000/83630000/83625400/83625362/739f9056.jpg?impolicy=resizecrop&rw=1200&ra=fit,"St. Cloud, MN",5,4,9,https://vrbo.com/affiliates/2949895.93svPMJ,,Local,https://cdn.jsdelivr.net/gh/VFDavid/STCScoop@Vrbo/images/vrbo/81d04972ba4ddaac.jpg,,,,,,,,,,,,,,,,
"5 bed, 2 bath Lake Home, screen porch, 2 kayaks, patio, otter island.",https://media.vrbo.com/lodging/79000000/78200000/78193300/78193258/5e1fcffd.jpg?impolicy=resizecrop&rw=1200&ra=fit,"South Haven, MN",5,1,12,https://vrbo.com/affiliates/2797105.14W0HLy,,Local,https://cdn.jsdelivr.net/gh/VFDavid/STCScoop@Vrbo/images/vrbo/378d7d067d7427f8.jpg,,,,,,,,,,,,,,,,
Cedar Point on Bass Lake - 5 Bedroom Home,https://media.vrbo.com/lodging/119000000/118870000/118861000/118860905/f51b5c6c.jpg?impolicy=resizecrop&rw=1200&ra=fit,"Annandale, MN",5,4,10,https://vrbo.com/affiliates/4702978.hmcqFpb,,Local,https://cdn.jsdelivr.net/gh/VFDavid/STCScoop@Vrbo/images/vrbo/da115ec209a1af85.jpg,,,,,,,,,,,,,,,,
Year-Round Waterfront Getaway: Lake Access + Dock!,https://media.vrbo.com/lodging/84000000/83290000/83286000/83285988/f7ca3a72.jpg?impolicy=resizecrop&rw=1200&ra=fit,"South Haven, MN",2,1,6,https://vrbo.com/affiliates/vrbo-usa.TNm7gv7,,Local,https://cdn.jsdelivr.net/gh/VFDavid/STCScoop@Vrbo/images/vrbo/55a47d6d46008671.jpg,,,,,,,,,,,,,,,,
Stunning Family Friendly Lake Home Retreat on Beautiful Lake Darling,https://media.vrbo.com/lodging/71000000/70880000/70871000/70870927/w1719h985x0y0-5a5a55be.jpg?impolicy=resizecrop&rw=1200&ra=fit,"Alexandria, MN",5,3+,12,https://vrbo.com/affiliates/2447459.kbg3BWN,,Greater,https://cdn.jsdelivr.net/gh/VFDavid/STCScoop@Vrbo/images/vrbo/4649ae22441e5c52.jpg,,,,,,,,,,,,,,,,
Luxury Lake Home with Guest House & Game Room,https://media.vrbo.com/lodging/34000000/33150000/33145700/33145655/cf2b7ca0.jpg?impolicy=resizecrop&rw=1200&ra=fit,"Carlos, MN",6,4,12,https://vrbo.com/affiliates/691760.ykqI98H,,Greater,https://cdn.jsdelivr.net/gh/VFDavid/STCScoop@Vrbo/images/vrbo/849d9074fe97a0a7.jpg,,,,,,,,,,,,,,,,
Brand New Grand Home on Lake Miltona Alexandria,https://media.vrbo.com/lodging/112000000/111260000/111253800/111253758/977022b7.jpg?impolicy=resizecrop&rw=1200&ra=fit,"Alexandria, MN",6,4+,18,https://vrbo.com/affiliates/4317475.rF0dp4h,,Greater,https://cdn.jsdelivr.net/gh/VFDavid/STCScoop@Vrbo/images/vrbo/0764efe3f81161d7.jpg,,,,,,,,,,,,,,,,
Modern 3-bedroom House on Private Wooded Lot,https://media.vrbo.com/lodging/107000000/106360000/106353200/106353120/2a114c34.jpg?impolicy=resizecrop&rw=1200&ra=fit,"Alexandria, MN",3,2+,9,https://vrbo.com/affiliates/4066486.KXKFqmX,,Greater,https://cdn.jsdelivr.net/gh/VFDavid/STCScoop@Vrbo/images/vrbo/8e408c6050f6c6de.jpg,,,,,,,,,,,,,,,,
"Mississippi Waterfront Beach home-Sauk Rapids, MN",https://media.vrbo.com/lodging/83000000/82830000/82820900/82820860/ab1560ae.jpg?impolicy=resizecrop&rw=1200&ra=fit,"Sauk Rapids, MN",6,3,14,https://vrbo.com/affiliates/2881749.8hD9pSA,,Local,https://cdn.jsdelivr.net/gh/VFDavid/STCScoop@Vrbo/images/vrbo/af9b53e7e3f7fd5b.jpg,,,,,,,,,,,,,,,,
Beautiful vintage home on the Alexandria Chain of Lakes,https://media.vrbo.com/lodging/34000000/33740000/33732300/33732270/1ae78ae8.jpg?impolicy=resizecrop&rw=1200&ra=fit,"Alexandria, MN",6,5+,21,https://vrbo.com/affiliates/1149589.bwVVH5n,,Greater,https://cdn.jsdelivr.net/gh/VFDavid/STCScoop@Vrbo/images/vrbo/70707a57659dff7d.jpg,,,,,,,,,,,,,,,,
The Maple Lake Villa,https://media.vrbo.com/lodging/106000000/105380000/105372000/105371916/300b294a.jpg?impolicy=resizecrop&rw=1200&ra=fit,"Alexandria, MN",6,5,12,https://vrbo.com/affiliates/4012563.Ct9FgjV,,Greater,https://cdn.jsdelivr.net/gh/VFDavid/STCScoop@Vrbo/images/vrbo/6e6393436efcdae6.jpg,,,,,,,,,,,,,,,,
Luxury Cowdry Cottage Lake Home,https://media.vrbo.com/lodging/100000000/99540000/99536900/99536870/ba538780.jpg?impolicy=resizecrop&rw=1200&ra=fit,"Alexandria, MN",7,6,12,https://vrbo.com/affiliates/3648146.bHs08gq,,Greater,https://cdn.jsdelivr.net/gh/VFDavid/STCScoop@Vrbo/images/vrbo/5ad98fceda4654cc.jpg,,,,,,,,,,,,,,,,
Minnesota Magic - Escape to a Riverside Retreat,https://media.vrbo.com/lodging/106000000/105280000/105273500/105273452/e98dba7e.jpg?impolicy=resizecrop&rw=1200&ra=fit,"St. Cloud, MN",3,2,8,https://vrbo.com/affiliates/4007429.LPUsinj,,Local,https://cdn.jsdelivr.net/gh/VFDavid/STCScoop@Vrbo/images/vrbo/9d76b054ee3e5b61.jpg,,,,,,,,,,,,,,,,
Spacious & luxurious 5-bedroom house with amazing views of Lake MInnewaska!,https://media.vrbo.com/lodging/116000000/115490000/115487900/115487868/f74f81d3.jpg?impolicy=resizecrop&rw=1200&ra=fit,"Starbuck, MN",5,2+,12,https://vrbo.com/affiliates/4554322.fahLWzO,,Greater,https://cdn.jsdelivr.net/gh/VFDavid/STCScoop@Vrbo/images/vrbo/73bbb5660e6e01c0.jpg,,,,,,,,,,,,,,,,
NEW! Sturgeon Lake Retreat: Beautiful Lakefront home on Sturgeon Island,https://media.vrbo.com/lodging/120000000/119760000/119754100/119754097/3affc95c.jpg?impolicy=resizecrop&rw=1200&ra=fit,"Sturgeon Lake, MN",3,2,12,https://vrbo.com/affiliates/4765961.BvSBjtg,,Greater,https://cdn.jsdelivr.net/gh/VFDavid/STCScoop@Vrbo/images/vrbo/30c164a4abb282e5.jpg,,,,,,,,,,,,,,,,
Kung tält - Hillside Site - Glamping Tent for Two!,https://media.vrbo.com/lodging/110000000/109700000/109695300/109695227/e6ef4eee.jpg?impolicy=resizecrop&rw=1200&ra=fit,"Beaver Bay, MN",0,0,2,https://vrbo.com/affiliates/4236836.DgM21jk,,Greater,https://cdn.jsdelivr.net/gh/VFDavid/STCScoop@Vrbo/images/vrbo/c305005c0023093e.jpg,,,,,,,,,,,,,,,,
Sandy beach at Crosslake,https://media.vrbo.com/lodging/34000000/33550000/33548200/33548192/c610e41f.jpg?impolicy=resizecrop&rw=1200&ra=fit,"Crosslake, MN",4,3,17,https://vrbo.com/affiliates/vrbo-usa.aEn1zYX,,Greater,https://cdn.jsdelivr.net/gh/VFDavid/STCScoop@Vrbo/images/vrbo/550f0a9fbf939b3d.jpg,,,,,,,,,,,,,,,,
"Stunning Lake Home! Sleeps 12, 4 Full Bathrooms on 3 Acres!",https://media.vrbo.com/lodging/110000000/109060000/109053100/109053008/e15d6545.jpg?impolicy=resizecrop&rw=1200&ra=fit,"Clearwater, MN",3,4,12,https://vrbo.com/affiliates/4203951.YpxSuME,,Local,https://cdn.jsdelivr.net/gh/VFDavid/STCScoop@Vrbo/images/vrbo/8df0878775000246.jpg,,,,,,,,,,,,,,,,
HALSNOY HAVEN ON THE NORTH SHORE OF LAKE SUPERIOR. Unreal Lake Superior views!,https://media.vrbo.com/lodging/94000000/93540000/93537000/93536982/1546335a.jpg?impolicy=resizecrop&rw=1200&ra=fit,"Tofte, MN",1,2,2,https://vrbo.com/affiliates/3397898.eDhYHW4,,Greater,https://cdn.jsdelivr.net/gh/VFDavid/STCScoop@Vrbo/images/vrbo/bd41711c8922cd20.jpg,,,,,,,,,,,,,,,,
The Gales on Lake Superior I Stunning Lakeshore & Views I by Relax Open Air,https://media.vrbo.com/lodging/78000000/78000000/77996300/77996220/1e2b8fa5.jpg?impolicy=resizecrop&rw=1200&ra=fit,"Duluth, MN",3,2+,6,https://vrbo.com/affiliates/2780780.XgwerhQ,,Greater,https://cdn.jsdelivr.net/gh/VFDavid/STCScoop@Vrbo/images/vrbo/b6f10eeb6c57e32a.jpg,,,,,,,,,,,,,,,,
Sanctuary on the North Shore of Lake Superior,https://media.vrbo.com/lodging/35000000/34080000/34074700/34074700/30d79f0f.jpg?impolicy=resizecrop&rw=1200&ra=fit,"Silver Bay, MN",3,2,6,https://vrbo.com/affiliates/261844.14xIqZs,,Greater,https://cdn.jsdelivr.net/gh/VFDavid/STCScoop@Vrbo/images/vrbo/f380bd006aff9609.jpg,,,,,,,,,,,,,,,,
Lake Superior A-Frame w/ Sauna-Near GM + Dog Friendly. 1min Walk to Beach.,https://media.vrbo.com/lodging/86000000/85490000/85480400/85480382/c2b329b4.jpg?impolicy=resizecrop&rw=1200&ra=fit,"Grand Marais, MN",1,0,2,https://vrbo.com/affiliates/3003325.QUKAxhN,,Greater,https://cdn.jsdelivr.net/gh/VFDavid/STCScoop@Vrbo/images/vrbo/a3c491c60ad136fe.jpg,,,,,,,,,,,,,,,,
Stoney Ridge Lighthouse,https://media.vrbo.com/lodging/73000000/72080000/72074500/72074472/836b4a9d.jpg?impolicy=resizecrop&rw=1200&ra=fit,"Burtrum, MN",3,3,12,https://vrbo.com/affiliates/2517038.qZzyrnV,,Greater,https://cdn.jsdelivr.net/gh/VFDavid/STCScoop@Vrbo/images/vrbo/4ccfd0458083b3e6.jpg,,,,,,,,,,,,,,,,
"Beautiful Log Cabin, Stunning Lake Superior & Tettegouche view, private",https://media.vrbo.com/lodging/33000000/32840000/32838800/32838738/05a15717.jpg?impolicy=resizecrop&rw=1200&ra=fit,"Silver Bay, MN",2,1,6,https://vrbo.com/affiliates/880834.YL1aqrn,,Greater,https://cdn.jsdelivr.net/gh/VFDavid/STCScoop@Vrbo/images/vrbo/d4dddbd9f03b1596.jpg,,,,,,,,,,,,,,,,
"The Trail's Edge / ""Captain's Quarters"" Is A Gorgeous Retreat, In Any Season.",https://media.vrbo.com/lodging/25000000/24180000/24177100/24177044/4116aa6c.jpg?impolicy=resizecrop&rw=1200&ra=fit,"Duluth, MN",3,2,8,https://vrbo.com/affiliates/643950.dFUcJmB,,Greater,https://cdn.jsdelivr.net/gh/VFDavid/STCScoop@Vrbo/images/vrbo/7a7cf429e3b926db.jpg,,,,,,,,,,,,,,,,
Marine Comfort - Cabin 8,https://media.vrbo.com/lodging/107000000/106400000/106392000/106391935/7b0ff55c.jpg?impolicy=resizecrop&rw=1200&ra=fit,"South Haven, MN",1,1,4,https://vrbo.com/affiliates/4069732.h8m5VGq,,Local,https://cdn.jsdelivr.net/gh/VFDavid/STCScoop@Vrbo/images/vrbo/b345472b50ab52a1.jpg,,,,,,,,,,,,,,,,
"Beautiful Lake House with Private Beach, Large Yard - Great for Families",https://media.vrbo.com/lodging/69000000/68040000/68036300/68036285/363b08b8.jpg?impolicy=resizecrop&rw=1200&ra=fit,"South Haven, MN",6,4,6,https://vrbo.com/affiliates/2323173.vgNVgmc,,Local,https://cdn.jsdelivr.net/gh/VFDavid/STCScoop@Vrbo/images/vrbo/188a6e4d27d99776.jpg,,,,,,,,,,,,,,,,
Charming Knotty Pine Cabin w/ Incredible Lake Views!,https://media.vrbo.com/lodging/116000000/115510000/115504700/115504603/1608080d.jpg?impolicy=resizecrop&rw=1200&ra=fit,"South Haven, MN",3,1,6,https://vrbo.com/affiliates/4556427.HRZMbrf,,Local,https://cdn.jsdelivr.net/gh/VFDavid/STCScoop@Vrbo/images/vrbo/b9b2b75d9477eea1.jpg,,,,,,,,,,,,,,,,
Avon Oasis - 3 Bedroom + Den Lakehouse 5 mins to St. Johns & St. Bens,https://media.vrbo.com/lodging/109000000/108560000/108555000/108554950/d03ec9fc.jpg?impolicy=resizecrop&rw=1200&ra=fit,"Avon, MN",3,2+,8,https://vrbo.com/affiliates/4179258.zP0wewp,,Local,https://cdn.jsdelivr.net/gh/VFDavid/STCScoop@Vrbo/images/vrbo/b2f76305d68c1451.jpg,,,,,,,,,,,,,,,,
Lakeside Cabin Hideaway,https://media.vrbo.com/lodging/58000000/57550000/57548400/57548400/dfd3266f.jpg?impolicy=resizecrop&rw=1200&ra=fit,"Avon, MN",1,1,6,https://vrbo.com/affiliates/2048393.xvRm6g8,,Local,https://cdn.jsdelivr.net/gh/VFDavid/STCScoop@Vrbo/images/vrbo/962f58571228eff4.jpg,,,,,,,,,,,,,,,,
Beautiful and Clean 2 Bedroom Cottage on Clearwater Lake,https://media.vrbo.com/lodging/106000000/105640000/105640000/105639941/a752183c.jpg?impolicy=resizecrop&rw=1200&ra=fit,"South Haven, MN",2,1,6,https://vrbo.com/affiliates/4027433.p5WI6Yg,,Local,https://cdn.jsdelivr.net/gh/VFDavid/STCScoop@Vrbo/images/vrbo/9b4434922d54ca84.jpg,,,,,,,,,,,,,,,,
Rustic Nautic - Cabin 9,https://media.vrbo.com/lodging/84000000/83780000/83775400/83775319/ce0eab23.jpg?impolicy=resizecrop&rw=1200&ra=fit,"South Haven, MN",2,1,4,https://vrbo.com/affiliates/2963111.i08Cv7D,,Local,https://cdn.jsdelivr.net/gh/VFDavid/STCScoop@Vrbo/images/vrbo/da0e53a59d954eae.jpg,,,,,,,,,,,,,,,,
Stunning Lake View - Cabin 11,https://media.vrbo.com/lodging/93000000/92910000/92902200/92902138/96cc7fc5.jpg?impolicy=resizecrop&rw=1200&ra=fit,"South Haven, MN",2,1,4,https://vrbo.com/affiliates/3355390.n1Yxz2F,,Local,https://cdn.jsdelivr.net/gh/VFDavid/STCScoop@Vrbo/images/vrbo/f1c1e277931af339.jpg,,,,,,,,,,,,,,,,
Cabin #1 New 2 bedroom cabin,https://media.vrbo.com/lodging/95000000/94790000/94781400/94781382/w2139h1157x6y0-7e443c8d.jpg?impolicy=resizecrop&rw=1200&ra=fit,"Rice, MN",2,1,8,https://vrbo.com/affiliates/3422772.cv8fVgx,,Local,https://cdn.jsdelivr.net/gh/VFDavid/STCScoop@Vrbo/images/vrbo/e6a352293c096092.jpg,,,,,,,,,,,,,,,,
Vintage Retreat - Cabin 5,https://media.vrbo.com/lodging/84000000/83690000/83685400/83685338/9eceeb55.jpg?impolicy=resizecrop&rw=1200&ra=fit,"South Haven, MN",1,1,3,https://vrbo.com/affiliates/2955252.D1bJaNX,,Local,https://cdn.jsdelivr.net/gh/VFDavid/STCScoop@Vrbo/images/vrbo/701250911a5f5b4d.jpg,,,,,,,,,,,,,,,,
Clearwater Lake Getaway w/ Shared Pool & Boat Dock,https://media.vrbo.com/lodging/27000000/26790000/26782500/26782470/6f88762f.jpg?impolicy=resizecrop&rw=1200&ra=fit,"Annandale, MN",2,1,6,https://vrbo.com/affiliates/vrbo-usa.93eF2JJ,,Local,https://cdn.jsdelivr.net/gh/VFDavid/STCScoop@Vrbo/images/vrbo/6417c443958747e5.jpg,,,,,,,,,,,,,,,,
Beach Retreat - Cabin 3,https://media.vrbo.com/lodging/84000000/83770000/83763600/83763563/3e541796.jpg?impolicy=resizecrop&rw=1200&ra=fit,"South Haven, MN",1,1,3,https://vrbo.com/affiliates/2962517.7FuhJyX,,Local,https://cdn.jsdelivr.net/gh/VFDavid/STCScoop@Vrbo/images/vrbo/db96ce92cb312978.jpg,,,,,,,,,,,,,,,,
Cabin #3 Newly remodeled 1 bedroom cabin right by the lake.,https://media.vrbo.com/lodging/78000000/77960000/77959000/77958996/1fb7db2d.jpg?impolicy=resizecrop&rw=1200&ra=fit,"Rice, MN",1,1,4,https://vrbo.com/affiliates/2776619.zZjQcmV,,Local,https://cdn.jsdelivr.net/gh/VFDavid/STCScoop@Vrbo/images/vrbo/3de15baa83e1e9b8.jpg,,,,,,,,,,,,,,,,
Northwood Creek - Cabin 7,https://media.vrbo.com/lodging/93000000/92910000/92903700/92903689/ec631802.jpg?impolicy=resizecrop&rw=1200&ra=fit,"South Haven, MN",1,1,3,https://vrbo.com/affiliates/3355657.PVftrin,,Local,https://cdn.jsdelivr.net/gh/VFDavid/STCScoop@Vrbo/images/vrbo/fda45c6ad31d1c02.jpg,,,,,,,,,,,,,,,,
"Clean, comfortable & conveniently located!",https://media.vrbo.com/lodging/34000000/33510000/33502400/33502301/bb966e7b.jpg?impolicy=resizecrop&rw=1200&ra=fit,"St. Cloud, MN",3,1+,9,https://vrbo.com/affiliates/683772.NGM0jRj,,Local,https://cdn.jsdelivr.net/gh/VFDavid/STCScoop@Vrbo/images/vrbo/7ac8051b27d934e9.jpg,,,,,,,,,,,,,,,,
Cozy newly remodeled cabin on half acre of lake shore!,https://media.vrbo.com/lodging/90000000/89850000/89849000/89848910/0e1551cb.jpg?impolicy=resizecrop&rw=1200&ra=fit,"Clear Lake, MN",0,1,4,https://vrbo.com/affiliates/3154841.VDOZQdW,,Local,https://cdn.jsdelivr.net/gh/VFDavid/STCScoop@Vrbo/images/vrbo/1266fe12fc943143.jpg,,,,,,,,,,,,,,,,
Cozy Charm - Cabin 2,https://media.vrbo.com/lodging/88000000/87350000/87344900/87344893/71b5706a.jpg?impolicy=resizecrop&rw=1200&ra=fit,"South Haven, MN",1,1,3,https://vrbo.com/affiliates/3018661.mp0tbQP,,Local,https://cdn.jsdelivr.net/gh/VFDavid/STCScoop@Vrbo/images/vrbo/ada820d1d84eb856.jpg,,,,,,,,,,,,,,,,
Tiny Barn - Cabin 4,https://media.vrbo.com/lodging/84000000/83770000/83763900/83763812/7ae35eda.jpg?impolicy=resizecrop&rw=1200&ra=fit,"South Haven, MN",1,1,3,https://vrbo.com/affiliates/2962554.yprEYhz,,Local,https://cdn.jsdelivr.net/gh/VFDavid/STCScoop@Vrbo/images/vrbo/8f62351f29e04229.jpg,,,,,,,,,,,,,,,,
Tiny rustic home next to the Mississippi,https://media.vrbo.com/lodging/89000000/88460000/88454900/88454833/44c77dde.jpg?impolicy=resizecrop&rw=1200&ra=fit,"St. Cloud, MN",1,0,2,https://vrbo.com/affiliates/3075175.psezW2D,,Local,https://cdn.jsdelivr.net/gh/VFDavid/STCScoop@Vrbo/images/vrbo/d93ef34f1ff80252.jpg,,,,,,,,,,,,,,,,
"Quiet, relaxing home on Lake Watab in beautiful St. Joseph, MN near SJU and CSB",https://media.vrbo.com/lodging/21000000/20260000/20254400/20254302/8b8aa2b0.jpg?impolicy=resizecrop&rw=1200&ra=fit,"St Joseph, MN",3,1,6,https://vrbo.com/affiliates/vrbo-usa.FipPIpT,,Local,https://cdn.jsdelivr.net/gh/VFDavid/STCScoop@Vrbo/images/vrbo/ff24f9abb86732f1.jpg,,,,,,,,,,,,,,,,
"Cabin on Clearwater Lake: 12 PERSON HOT TUB, PRIVATE DOCK & Room for 16+",https://media.vrbo.com/lodging/115000000/114280000/114275400/114275345/9570aa66.jpg?impolicy=resizecrop&rw=1200&ra=fit,"Annandale, MN",5,2+,24,https://vrbo.com/affiliates/4499240.nbETYWj,,Local,https://cdn.jsdelivr.net/gh/VFDavid/STCScoop@Vrbo/images/vrbo/860a2bc393d5127e.jpg,,,,,,,,,,,,,,,,
Charming cabin getaway just 1 hour from MPLS,https://media.vrbo.com/lodging/116000000/115220000/115212300/115212264/51fb5539.jpg?impolicy=resizecrop&rw=1200&ra=fit,"Clear Lake, MN",4,1+,10,https://vrbo.com/affiliates/4546827.VjQAcm2,,Local,https://cdn.jsdelivr.net/gh/VFDavid/STCScoop@Vrbo/images/vrbo/612e2daee26449f8.jpg,,,,,,,,,,,,,,,,
"Briggs Lake Waterfront Cabin - Ice fishing, snowmobiling, fall colors on lake",https://media.vrbo.com/lodging/117000000/116180000/116179600/116179579/f904bca3.jpg?impolicy=resizecrop&rw=1200&ra=fit,"Clear Lake, MN",2,1,6,https://vrbo.com/affiliates/4586584.sk3o5Yn,,Local,https://cdn.jsdelivr.net/gh/VFDavid/STCScoop@Vrbo/images/vrbo/04b7cb11c5c19c41.jpg,,,,,,,,,,,,,,,,
"DANCING PINES SUITE near SJU, CSB & Wobegon Trail",https://media.vrbo.com/lodging/35000000/34590000/34584400/34584351/cdcac7e6.jpg?impolicy=resizecrop&rw=1200&ra=fit,"Avon, MN",1,1,4,https://vrbo.com/affiliates/vrbo-usa.X1QC074,,Local,https://cdn.jsdelivr.net/gh/VFDavid/STCScoop@Vrbo/images/vrbo/ade757a6b5775905.jpg,,,,,,,,,,,,,,,,
Cozy red cabin on Briggs Lake Chain w/ boat house,https://media.vrbo.com/lodging/76000000/75260000/75253200/75253112/7845bbb3.jpg?impolicy=resizecrop&rw=1200&ra=fit,"Clear Lake, MN",2,1,5,https://vrbo.com/affiliates/2658609.I2h1G1S,,Local,https://cdn.jsdelivr.net/gh/VFDavid/STCScoop@Vrbo/images/vrbo/077038c963692368.jpg,,,,,,,,,,,,,,,,
"LOG BEAR DEN near SJU, CSB & Wobegon Trail. Relaxing. Romantic. Refined. Rustic.",https://media.vrbo.com/lodging/33000000/32110000/32109900/32109856/f40ad353.jpg?impolicy=resizecrop&rw=1200&ra=fit,"Avon, MN",1,1,4,https://vrbo.com/affiliates/vrbo-usa.FAD5wNG,,Local,https://cdn.jsdelivr.net/gh/VFDavid/STCScoop@Vrbo/images/vrbo/6c6ed3047f378db7.jpg,,,,,,,,,,,,,,,,
Step Back in Time: Cozy Lakeside Retreat Vintage A-Frame Cabin on Horseshoe Lake,https://media.vrbo.com/lodging/93000000/92510000/92503000/92502916/46c91275.jpg?impolicy=resizecrop&rw=1200&ra=fit,"Richmond, MN",2,1,6,https://vrbo.com/affiliates/3334464.fmv8rN4,,Local,https://cdn.jsdelivr.net/gh/VFDavid/STCScoop@Vrbo/images/vrbo/8e3891876e5389ce.jpg,,,,,,,,,,,,,,,,
"A Hygge Hüs, a charming A-Frame nestled on the shores of Lake Bolfing",https://media.vrbo.com/lodging/107000000/106260000/106259300/106259295/9403ae3d.jpg?impolicy=resizecrop&rw=1200&ra=fit,"Cold Spring, MN",4,2,8,https://vrbo.com/affiliates/4061452.GJpPr1A,,Local,https://cdn.jsdelivr.net/gh/VFDavid/STCScoop@Vrbo/images/vrbo/35a48268f25d3752.jpg,,,,,,,,,,,,,,,,
"Cozy Clean Waterfront Cabin on Sugar Lake - Ice Fishing, Ski/Snowboard Nearby",https://media.vrbo.com/lodging/72000000/71600000/71592500/71592412/9fce0b5e.jpg?impolicy=resizecrop&rw=1200&ra=fit,"Annandale, MN",4,1,7,https://vrbo.com/affiliates/2486248.509RJIB,,Local,https://cdn.jsdelivr.net/gh/VFDavid/STCScoop@Vrbo/images/vrbo/12f0045f7446ae99.jpg,,,,,,,,,,,,,,,,
The Carriage House on Lake Superior I Lakeshore & Views I by Relax Open Air,https://media.vrbo.com/lodging/79000000/78640000/78631600/78631586/39e58cbc.jpg?impolicy=resizecrop&rw=1200&ra=fit,"Duluth, MN",1,2+,4,https://vrbo.com/affiliates/2835929.UqlSdLU,,Greater,https://cdn.jsdelivr.net/gh/VFDavid/STCScoop@Vrbo/images/vrbo/deb4ce5e9870baea.jpg,,,,,,,,,,,,,,,,
Sisu Shores: Lakefront Home with Private Beach and Wood Burning Sauna,https://media.vrbo.com/lodging/104000000/103090000/103080300/103080210/4e07aee7.jpg?impolicy=resizecrop&rw=1200&ra=fit,"Duluth, MN",3,1,6,https://vrbo.com/affiliates/3898948.jMBodgU,,Greater,https://cdn.jsdelivr.net/gh/VFDavid/STCScoop@Vrbo/images/vrbo/38e8fa66bf99dd7d.jpg,,,,,,,,,,,,,,,,
Sunshine Studio w/ Beach Access,https://media.vrbo.com/lodging/78000000/78000000/77990800/77990773/2dee72a9.jpg?impolicy=resizecrop&rw=1200&ra=fit,"Duluth, MN",1,1,2,https://vrbo.com/affiliates/2779914.HS4iBRe,,Greater,https://cdn.jsdelivr.net/gh/VFDavid/STCScoop@Vrbo/images/vrbo/7b5dcf1944a0b103.jpg,,,,,,,,,,,,,,,,
Lake Superior Beach House!,https://media.vrbo.com/lodging/46000000/45160000/45151300/45151243/9241df39.jpg?impolicy=resizecrop&rw=1200&ra=fit,"Duluth, MN",4,3+,12,https://vrbo.com/affiliates/1849071.g8lza3O,,Greater,https://cdn.jsdelivr.net/gh/VFDavid/STCScoop@Vrbo/images/vrbo/0a31b970c14f7c80.jpg,,,,,,,,,,,,,,,,
WATERFRONT SHORELINE HOME •Views •Modern •Sauna •20% Off Bike Rental+MTB Pass,https://media.vrbo.com/lodging/100000000/99700000/99694700/99694657/8c7ce7ae.jpg?impolicy=resizecrop&rw=1200&ra=fit,"Duluth, MN",4,3,12,https://vrbo.com/affiliates/3657631.jlOHukU,,Greater,https://cdn.jsdelivr.net/gh/VFDavid/STCScoop@Vrbo/images/vrbo/4ec880010ad009dd.jpg,,,,,,,,,,,,,,,,
Sea Glass Cottage Near Beach Access | Pet Friendly,https://media.vrbo.com/lodging/78000000/78000000/77990800/77990797/64b1bb30.jpg?impolicy=resizecrop&rw=1200&ra=fit,"Duluth, MN",2,1,6,https://vrbo.com/affiliates/2779924.S3aACrV,,Greater,https://cdn.jsdelivr.net/gh/VFDavid/STCScoop@Vrbo/images/vrbo/bdbf0f6dbf604f63.jpg,,,,,,,,,,,,,,,,
BEAUTIFUL SKI HOUSE •Views •Spacious •Sauna •Dogs •20% Off Bike Rental+MTB Pass,https://media.vrbo.com/lodging/91000000/90620000/90612700/90612683/237456f6.jpg?impolicy=resizecrop&rw=1200&ra=fit,"Duluth, MN",4,2+,12,https://vrbo.com/affiliates/3198575.Ogspdc1,,Greater,https://cdn.jsdelivr.net/gh/VFDavid/STCScoop@Vrbo/images/vrbo/442406c7334e84d9.jpg,,,,,,,,,,,,,,,,
RiverWest Hunters Lodge-Riverfront-Base Spirit Mtn.-Dog Friendly-20% off Bike Rentals,https://media.vrbo.com/lodging/104000000/103600000/103592300/103592238/44fa9d19.jpg?impolicy=resizecrop&rw=1200&ra=fit,"Duluth, MN",4,4,12,https://vrbo.com/affiliates/3923195.HWlx5jc,,Greater,https://cdn.jsdelivr.net/gh/VFDavid/STCScoop@Vrbo/images/vrbo/3ae46bc40eaeedc7.jpg,,,,,,,,,,,,,,,,
"Bayview Cottage – Lakeside Getaway with Dock, Beach Access & Near Canal Park",https://media.vrbo.com/lodging/65000000/64460000/64450800/64450799/26c8a38b.jpg?impolicy=resizecrop&rw=1200&ra=fit,"Duluth, MN",3,2,7,https://vrbo.com/affiliates/2203843.tWsa8P0,,Greater,https://cdn.jsdelivr.net/gh/VFDavid/STCScoop@Vrbo/images/vrbo/f1de54f07cac3656.jpg,,,,,,,,,,,,,,,,
North Coast Escape | Beach Access | Near Downtown,https://media.vrbo.com/lodging/102000000/101430000/101424800/101424794/97121c37.jpg?impolicy=resizecrop&rw=1200&ra=fit,"Duluth, MN",2,1,6,https://vrbo.com/affiliates/3795726.OjsKDzV,,Greater,https://cdn.jsdelivr.net/gh/VFDavid/STCScoop@Vrbo/images/vrbo/9ee1fcc8f65f3719.jpg,,,,,,,,,,,,,,,,
Lake Superior Beach House: Kayaks Provided,https://media.vrbo.com/lodging/97000000/96690000/96686400/96686400/75b56015.jpg?impolicy=resizecrop&rw=1200&ra=fit,"Duluth, MN",2,2,8,https://vrbo.com/affiliates/3552622.vsoKrSX,,Greater,https://cdn.jsdelivr.net/gh/VFDavid/STCScoop@Vrbo/images/vrbo/f8bb4339d2b57c8a.jpg,,,,,,,,,,,,,,,,
"RiverWest Vista - Base Spirit Mtn, Riverfront, Sauna, Dog Friendly, 20% off Bike Rentals",https://media.vrbo.com/lodging/105000000/104080000/104079600/104079578/fafe10a9.jpg?impolicy=resizecrop&rw=1200&ra=fit,"Duluth, MN",4,4,12,https://vrbo.com/affiliates/3955057.OCu1iLe,,Greater,https://cdn.jsdelivr.net/gh/VFDavid/STCScoop@Vrbo/images/vrbo/21d0c50d92f3f770.jpg,,,,,,,,,,,,,,,,
Sparrows Nest Observation Hill,https://media.vrbo.com/lodging/118000000/117410000/117402200/117402200/d66b8989.jpg?impolicy=resizecrop&rw=1200&ra=fit,"Duluth, MN",2,1,5,https://vrbo.com/affiliates/4635437.mbiBmN9,,Greater,https://cdn.jsdelivr.net/gh/VFDavid/STCScoop@Vrbo/images/vrbo/93ebd44de531b6a5.jpg,,,,,,,,,,,,,,,,
RiverWest Four Seasons - Base Spirit Mtn - Dog Friendly- Kids Play/Game Area-20% off Bike Rentals,https://media.vrbo.com/lodging/104000000/103600000/103592300/103592240/266d7a03.jpg?impolicy=resizecrop&rw=1200&ra=fit,"Duluth, MN",4,3+,12,https://vrbo.com/affiliates/3923196.Kni7SVn,,Greater,https://cdn.jsdelivr.net/gh/VFDavid/STCScoop@Vrbo/images/vrbo/71f0131be18632a7.jpg,,,,,,,,,,,,,,,,
RiverWest Up North Oasis-Base Spirit Mtn-Sauna-Trails-Dog Friendly-20% off Bike Rentals,https://media.vrbo.com/lodging/105000000/104080000/104079700/104079604/e5ffdc81.jpg?impolicy=resizecrop&rw=1200&ra=fit,"Duluth, MN",4,3+,10,https://vrbo.com/affiliates/3955066.w0ZOvnR,,Greater,https://cdn.jsdelivr.net/gh/VFDavid/STCScoop@Vrbo/images/vrbo/26826dc531c74fa0.jpg,,,,,,,,,,,,,,,,
Park Point Oasis | On Lake Superior | Duluth,https://media.vrbo.com/lodging/118000000/117630000/117624100/117624068/fd2db17e.jpg?impolicy=resizecrop&rw=1200&ra=fit,"Duluth, MN",3,2,7,https://vrbo.com/affiliates/4644632.MAbe8yO,,Greater,https://cdn.jsdelivr.net/gh/VFDavid/STCScoop@Vrbo/images/vrbo/7b2b45b29548c7ce.jpg,,,,,,,,,,,,,,,,
A Gem of a lake home on Gorgeous Pike Lake 15 Minutes From The Duluth Harbor,https://media.vrbo.com/lodging/21000000/20920000/20912500/20912451/aced9ac7.jpg?impolicy=resizecrop&rw=1200&ra=fit,"Duluth, MN",3,3,8,https://vrbo.com/affiliates/1199854.WDJj2Kw,,Greater,https://cdn.jsdelivr.net/gh/VFDavid/STCScoop@Vrbo/images/vrbo/4d9d6fa8598b04fe.jpg,,,,,,,,,,,,,,,,
LESTER RIVER PINES Home • Privacy • Sauna • Pond • River • Dog Friendly,https://media.vrbo.com/lodging/90000000/89840000/89836200/89836168/023523ca.jpg?impolicy=resizecrop&rw=1200&ra=fit,"Duluth, MN",6,3,15,https://vrbo.com/affiliates/3153936.rM5ApBo,,Greater,https://cdn.jsdelivr.net/gh/VFDavid/STCScoop@Vrbo/images/vrbo/6752efc98e2f0fd1.jpg,,,,,,,,,,,,,,,,
"Home on Grand Lake, in Saginaw, Near Ivy Black",https://media.vrbo.com/lodging/111000000/110810000/110809700/110809685/c4871adc.jpg?impolicy=resizecrop&rw=1200&ra=fit,"Saginaw, MN",3,2,6,https://vrbo.com/affiliates/4291955.B9sMN6e,,Greater,https://cdn.jsdelivr.net/gh/VFDavid/STCScoop@Vrbo/images/vrbo/ae9baf2058e20d73.jpg,,,,,,,,,,,,,,,,
Duluth Lake House - Walk to Beach & Boat Ramp!,https://media.vrbo.com/lodging/107000000/106530000/106523800/106523773/7906f273.jpg?impolicy=resizecrop&rw=1200&ra=fit,"Duluth, MN",4,3,6,https://vrbo.com/affiliates/vrbo-usa.dpul5zE,,Greater,https://cdn.jsdelivr.net/gh/VFDavid/STCScoop@Vrbo/images/vrbo/e39f63a952e43ef3.jpg,,,,,,,,,,,,,,,,
DULUTH LAKE HOME GREAT FAMILY GATHERING ON BEAUTIFUL LAKE INCLUDING A DOCK.,https://media.vrbo.com/lodging/28000000/27480000/27476200/27476168/1b5fc301.jpg?impolicy=resizecrop&rw=1200&ra=fit,"Duluth, MN",3,2,8,https://vrbo.com/affiliates/773345.X7TgLXk,,Greater,https://cdn.jsdelivr.net/gh/VFDavid/STCScoop@Vrbo/images/vrbo/ab562938225b4baf.jpg,,,,,,,,,,,,,,,,
Northern Comfort: The Vault - Your Refined Retreat near Duluth,https://media.vrbo.com/lodging/117000000/116060000/116053600/116053569/6685c194.jpg?impolicy=resizecrop&rw=1200&ra=fit,"Hermantown, MN",3,2+,8,https://vrbo.com/affiliates/4580602.4ktHvfV,,Greater,https://cdn.jsdelivr.net/gh/VFDavid/STCScoop@Vrbo/images/vrbo/5ec6cbabdb7bbb5b.jpg,,,,,,,,,,,,,,,,
"Serenity Cottage - Private Yard, Sauna, ATV Trails",https://media.vrbo.com/lodging/110000000/109020000/109011200/109011171/b80be175.jpg?impolicy=resizecrop&rw=1200&ra=fit,"Duluth, MN",4,2,11,https://vrbo.com/affiliates/4200609.PUkW6nX,,Greater,https://cdn.jsdelivr.net/gh/VFDavid/STCScoop@Vrbo/images/vrbo/f3a2b3b98e16875b.jpg,,,,,,,,,,,,,,,,
Superior Woods Private Woodland Retreat,https://media.vrbo.com/lodging/102000000/101130000/101124900/101124884/506f6a04.jpg?impolicy=resizecrop&rw=1200&ra=fit,"Duluth, MN",4,2,8,https://vrbo.com/affiliates/3768065.uG7Pd8B,,Greater,https://cdn.jsdelivr.net/gh/VFDavid/STCScoop@Vrbo/images/vrbo/e00499d9f5a47151.jpg,,,,,,,,,,,,,,,,
"Hot Tub, Lakefront, Near Duluth, Sleeps 8, Many Amenities",https://media.vrbo.com/lodging/92000000/91410000/91400800/91400727/9f942a21.jpg?impolicy=resizecrop&rw=1200&ra=fit,"Saginaw, MN",3,2+,8,https://vrbo.com/affiliates/3261978.P926D7O,,Greater,https://cdn.jsdelivr.net/gh/VFDavid/STCScoop@Vrbo/images/vrbo/0fb2fb0ada612684.jpg,,,,,,,,,,,,,,,,
"Escape to Chub Lake Retreat: Waterfront Luxury House in Carlton, Minnesota",https://media.vrbo.com/lodging/106000000/105100000/105096400/105096381/2095c821.jpg?impolicy=resizecrop&rw=1200&ra=fit,"Carlton, MN",2,2,6,https://vrbo.com/affiliates/3999685.0G2MfBV,,Greater,https://cdn.jsdelivr.net/gh/VFDavid/STCScoop@Vrbo/images/vrbo/c2f4da06456d145a.jpg,,,,,,,,,,,,,,,,
"Completely remodeled 4bd/2ba Lake Home, Near Snowmobile Trails and a Gas Station",https://media.vrbo.com/lodging/19000000/18860000/18856700/18856677/a39a82b5.jpg?impolicy=resizecrop&rw=1200&ra=fit,"Duluth, MN",4,2,10,https://vrbo.com/affiliates/vrbo-usa.8QhTMFs,,Greater,https://cdn.jsdelivr.net/gh/VFDavid/STCScoop@Vrbo/images/vrbo/5bbe5a0490f6e506.jpg,,,,,,,,,,,,,,,,
Boulder Lake Cottage,https://media.vrbo.com/lodging/111000000/110700000/110694500/110694435/d5ae999d.jpg?impolicy=resizecrop&rw=1200&ra=fit,"Duluth, MN",3,2,8,https://vrbo.com/affiliates/4285815.3TNYlsu,,Greater,https://cdn.jsdelivr.net/gh/VFDavid/STCScoop@Vrbo/images/vrbo/5c27ff03345ea6a6.jpg,,,,,,,,,,,,,,,,
Stunning New Build: Sleeps 10!,https://media.vrbo.com/lodging/109000000/108570000/108564000/108563934/3c71ba51.jpg?impolicy=resizecrop&rw=1200&ra=fit,"Hermantown, MN",3,2,10,https://vrbo.com/affiliates/4180106.2XRVxxo,,Greater,https://cdn.jsdelivr.net/gh/VFDavid/STCScoop@Vrbo/images/vrbo/928cf38bb0e8678c.jpg,,,,,,,,,,,,,,,,
"Lakefront Cozy Cabin with Dock, Sauna & BBQ Grill",https://media.vrbo.com/lodging/107000000/106860000/106855500/106855412/fee4de79.jpg?impolicy=resizecrop&rw=1200&ra=fit,"Saginaw, MN",2,1,8,https://vrbo.com/affiliates/4095477.rteWoCT,,Greater,https://cdn.jsdelivr.net/gh/VFDavid/STCScoop@Vrbo/images/vrbo/c8f48221bf71754d.jpg,,,,,,,,,,,,,,,,
Sunset Bay Lake Home w/ Sauna & 32ft Dock,https://media.vrbo.com/lodging/117000000/116570000/116565900/116565814/e8eddea7.jpg?impolicy=resizecrop&rw=1200&ra=fit,"Duluth, MN",5,3,12,https://vrbo.com/affiliates/4602314.kjAwBXW,,Greater,https://cdn.jsdelivr.net/gh/VFDavid/STCScoop@Vrbo/images/vrbo/76e954ae0584955e.jpg,,,,,,,,,,,,,,,,
Lake Loft at Grand Lake Getaway | Custom Sauna,https://media.vrbo.com/lodging/107000000/106860000/106855500/106855414/af66c9fb.jpg?impolicy=resizecrop&rw=1200&ra=fit,"Saginaw, MN",1,1,4,https://vrbo.com/affiliates/4095478.dtUh85x,,Greater,https://cdn.jsdelivr.net/gh/VFDavid/STCScoop@Vrbo/images/vrbo/8cbf001253c1a6cb.jpg,,,,,,,,,,,,,,,,
Sunny Cloquet Home - 2 Mi to St. Louis River!,https://media.vrbo.com/lodging/80000000/79790000/79781600/79781555/b296a48e.jpg?impolicy=resizecrop&rw=1200&ra=fit,"Cloquet, MN",4,2,6,https://vrbo.com/affiliates/vrbo-usa.BLQRUyS,,Greater,https://cdn.jsdelivr.net/gh/VFDavid/STCScoop@Vrbo/images/vrbo/87f5ab3568edfe5e.jpg,,,,,,,,,,,,,,,,
Sandlight Cabin Retreat on Grand Lake,https://media.vrbo.com/lodging/118000000/117780000/117777300/117777290/cc70bf37.jpg?impolicy=resizecrop&rw=1200&ra=fit,"Saginaw, MN",2,1,4,https://vrbo.com/affiliates/4652896.C6avx2p,,Greater,https://cdn.jsdelivr.net/gh/VFDavid/STCScoop@Vrbo/images/vrbo/8df346e7aa83a4c8.jpg,,,,,,,,,,,,,,,,
Driftwood Dreams Escape | Island Lake Cabin,https://media.vrbo.com/lodging/117000000/116570000/116565900/116565806/edba3008.jpg?impolicy=resizecrop&rw=1200&ra=fit,"Duluth, MN",2,1,4,https://vrbo.com/affiliates/4602313.deCIY9I,,Greater,https://cdn.jsdelivr.net/gh/VFDavid/STCScoop@Vrbo/images/vrbo/b21bd388ef414b4e.jpg,,,,,,,,,,,,,,,,
Duluth Studio w/ Sauna on Working Horse Farm!,https://media.vrbo.com/lodging/84000000/83640000/83630800/83630788/c1121873.jpg?impolicy=resizecrop&rw=1200&ra=fit,"Duluth, MN",1,1,4,https://vrbo.com/affiliates/vrbo-usa.Qj2BxmG,,Greater,https://cdn.jsdelivr.net/gh/VFDavid/STCScoop@Vrbo/images/vrbo/cf7e1034bf11edc6.jpg,,,,,,,,,,,,,,,,
Twin Ports Hideaway,https://media.vrbo.com/lodging/96000000/95480000/95475700/95475674/e07a3fa8.jpg?impolicy=resizecrop&rw=1200&ra=fit,"Hermantown, MN",5,4,21,https://vrbo.com/affiliates/3471867.ybnRqj5,,Greater,https://cdn.jsdelivr.net/gh/VFDavid/STCScoop@Vrbo/images/vrbo/7f312fb7b2eb9aea.jpg,,,,,,,,,,,,,,,,
Waterfront Cabin on Lake Superior w/ Fire Pit,https://media.vrbo.com/lodging/93000000/92030000/92020400/92020380/7fc3c299.jpg?impolicy=resizecrop&rw=1200&ra=fit,"Two Harbors, MN",1,1,2,https://vrbo.com/affiliates/vrbo-usa.qZFyWSZ,,Greater,https://cdn.jsdelivr.net/gh/VFDavid/STCScoop@Vrbo/images/vrbo/2a19e57b22c5591f.jpg,,,,,,,,,,,,,,,,
Charming Cottage On Lake Superior-15 minutes from Grand Marais and Lutsen,https://media.vrbo.com/lodging/34000000/33500000/33497400/33497367/8ee4733b.jpg?impolicy=resizecrop&rw=1200&ra=fit,"Lutsen, MN",1,1,2,https://vrbo.com/affiliates/748059.WRmvUeY,,Greater,https://cdn.jsdelivr.net/gh/VFDavid/STCScoop@Vrbo/images/vrbo/2b13b9bff9a056bb.jpg,,,,,,,,,,,,,,,,
Tofte Cove on Lake Superior. Certain to WOW You! Sleeps Up to 6 Guests! Amazing!,https://media.vrbo.com/lodging/35000000/34190000/34189100/34189049/41d9e6cd.jpg?impolicy=resizecrop&rw=1200&ra=fit,"Tofte, MN",2,2,6,https://vrbo.com/affiliates/1338840.v5g9wNz,,Greater,https://cdn.jsdelivr.net/gh/VFDavid/STCScoop@Vrbo/images/vrbo/25733942bcb2f3a3.jpg,,,,,,,,,,,,,,,,
Boutique cabin that is feet from Leech Lake. Enjoy the Million dollar view.,https://media.vrbo.com/lodging/97000000/96150000/96148000/96147958/1a68a698.jpg?impolicy=resizecrop&rw=1200&ra=fit,"Walker, MN",1,1+,2,https://vrbo.com/affiliates/3514400.SXUZfB2,,Greater,https://cdn.jsdelivr.net/gh/VFDavid/STCScoop@Vrbo/images/vrbo/0f26aad5febb7a08.jpg,,,,,,,,,,,,,,,,
Close to Historic Downtown Stillwater on Bike Trail,https://media.vrbo.com/lodging/35000000/34200000/34190600/34190567/21595385.jpg?impolicy=resizecrop&rw=1200&ra=fit,"Stillwater, MN",1,1,2,https://vrbo.com/affiliates/609140.IGDO1v8,,Greater,https://cdn.jsdelivr.net/gh/VFDavid/STCScoop@Vrbo/images/vrbo/f449b14e75d24fe3.jpg,,,,,,,,,,,,,,,,
"NEW! Lake Alexander, Swimming, Game Room, Views",https://media.vrbo.com/lodging/118000000/117640000/117630700/117630621/eedf9a6e_edited_a8bb.jpg?impolicy=resizecrop&rw=1200&ra=fit,"Cushing, MN ",3,3,8,https://vrbo.com/affiliates/4645069.L3lQPVs,,Greater,https://cdn.jsdelivr.net/gh/VFDavid/STCScoop@Vrbo/images/vrbo/bc7b1220a75e0c65.jpg,,,,,,,,,,,,,,,,
Lake Superior Views w/ Sauna - Near GM + Dog Friendly. 1min Walk to Beach.,https://media.vrbo.com/lodging/86000000/85540000/85534900/85534847/bca84862.jpg?impolicy=resizecrop&rw=1200&ra=fit,"Grand Marais, MN",1,0,2,https://vrbo.com/affiliates/3004398.KblCrTZ,,Greater,https://cdn.jsdelivr.net/gh/VFDavid/STCScoop@Vrbo/images/vrbo/a2b1a4356038c36d.jpg,,,,,,,,,,,,,,,,
Luxury Historic Home Next to US Bank Stadium. Private Courtyard + Rooftop.,https://media.vrbo.com/lodging/104000000/103750000/103742400/103742378/3ae98fa4.jpg?impolicy=resizecrop&rw=1200&ra=fit,"Minneapolis, MN",4,3,9,https://vrbo.com/affiliates/3931384.S8VzCAV,,Greater,https://cdn.jsdelivr.net/gh/VFDavid/STCScoop@Vrbo/images/vrbo/177b0e3544aa16f5.jpg,,,,,,,,,,,,,,,,
Buffalo Lake Cabin I Private Beach l Detroit Lakes l Pet Friendly,https://media.vrbo.com/lodging/77000000/76180000/76177000/76176935/1743b651.jpg?impolicy=resizecrop&rw=1200&ra=fit,"Detroit Lakes, MN",2,1,8,https://vrbo.com/affiliates/2691131.3hJAF3x,,Greater,https://cdn.jsdelivr.net/gh/VFDavid/STCScoop@Vrbo/images/vrbo/4782c37e48a620bc.jpg,,,,,,,,,,,,,,,,
"Private 3+ acre executive retreat 4 ""blocks"" from Pokegama Lake & bike trailhead",https://media.vrbo.com/lodging/79000000/78540000/78536300/78536213/467d46c5.jpg?impolicy=resizecrop&rw=1200&ra=fit,"Cohasset, MN",4,3,14,https://vrbo.com/affiliates/2828197.goSK6MV,,Greater,https://cdn.jsdelivr.net/gh/VFDavid/STCScoop@Vrbo/images/vrbo/4d718b6b74ebb7c5.jpg,,,,,,,,,,,,,,,,
"Tettegouche Cedar Log Cabin amazing Lake Superior views near 4 state parks, SHT",https://media.vrbo.com/lodging/34000000/33940000/33934300/33934298/4fa1cfef.jpg?impolicy=resizecrop&rw=1200&ra=fit,"Silver Bay, MN",2,2,5,https://vrbo.com/affiliates/1225060.75TvpI8,,Greater,https://cdn.jsdelivr.net/gh/VFDavid/STCScoop@Vrbo/images/vrbo/6ddba3b1da5a8e29.jpg,,,,,,,,,,,,,,,,
The ultimate north cabin experience,https://media.vrbo.com/lodging/27000000/26850000/26844900/26844836/3a6e30f0.jpg?impolicy=resizecrop&rw=1200&ra=fit,"Pequot Lakes, MN",2,1+,7,https://vrbo.com/affiliates/1357049.jKB3ldQ,,Greater,https://cdn.jsdelivr.net/gh/VFDavid/STCScoop@Vrbo/images/vrbo/ccc53df48d4dd53f.jpg,,,,,,,,,,,,,,,,
Lakefront Gem: Grills & Fire Pit in Dent,https://media.vrbo.com/lodging/111000000/110700000/110697900/110697889/23e6769f.jpg?impolicy=resizecrop&rw=1200&ra=fit,"Dent, MN",2,1+,6,https://vrbo.com/affiliates/vrbo-usa.tEDtNpx,,Greater,https://cdn.jsdelivr.net/gh/VFDavid/STCScoop@Vrbo/images/vrbo/da547aadb7ecd539.jpg,,,,,,,,,,,,,,,,
Private End Condo on Superior w/ Panoramic Views! Fireplace & Private Sauna!,https://media.vrbo.com/lodging/34000000/33500000/33493100/33493036/c7bb1d90.jpg?impolicy=resizecrop&rw=1200&ra=fit,"grand Marais, MN",1,1,2,https://vrbo.com/affiliates/821711.Esga2i8,,Greater,https://cdn.jsdelivr.net/gh/VFDavid/STCScoop@Vrbo/images/vrbo/070aaa10eccf6e3d.jpg,,,,,,,,,,,,,,,,
Reflections' Cabin on Lake Superior - Near Lutsen,https://media.vrbo.com/lodging/27000000/26650000/26648200/26648120/76247161.jpg?impolicy=resizecrop&rw=1200&ra=fit,"Schroeder, MN",2,1+,6,https://vrbo.com/affiliates/vrbo-usa.SHYBZc0,,Greater,https://cdn.jsdelivr.net/gh/VFDavid/STCScoop@Vrbo/images/vrbo/5bd4da978c0377e8.jpg,,,,,,,,,,,,,,,,
Elevate Your Stay!,https://media.vrbo.com/lodging/20000000/19410000/19407700/19407642/470ae6c4.jpg?impolicy=resizecrop&rw=1200&ra=fit,"Crosslake, MN",2,1,6,https://vrbo.com/affiliates/1080791.FzN4YO4,,Greater,https://cdn.jsdelivr.net/gh/VFDavid/STCScoop@Vrbo/images/vrbo/1fe5509fea9d3713.jpg,,,,,,,,,,,,,,,,
"Lake House Retreat in Cotton, MN with 1000 ft of lake frontage!",https://media.vrbo.com/lodging/117000000/116230000/116226000/116225981/756d2787.jpg?impolicy=resizecrop&rw=1200&ra=fit,"Cotton, MN",2,2,6,https://vrbo.com/affiliates/4588584.Y5rohvN,,Greater,https://cdn.jsdelivr.net/gh/VFDavid/STCScoop@Vrbo/images/vrbo/ba61e833269aa272.jpg,,,,,,,,,,,,,,,,
"Lakeside Cottage on Trowbridge Point - Swim, Fish, Relax!",https://media.vrbo.com/lodging/119000000/118100000/118094400/118094315/7526b834.jpg?impolicy=resizecrop&rw=1200&ra=fit,"Vergas, MN",3,1+,6,https://vrbo.com/affiliates/4667669.mWHta7m,,Greater,https://cdn.jsdelivr.net/gh/VFDavid/STCScoop@Vrbo/images/vrbo/174d05a9dc47256d.jpg,,,,,,,,,,,,,,,,
Beautiful Northwoods Home with Lake Vermilion Access,https://media.vrbo.com/lodging/77000000/76160000/76154800/76154722/5d15b258.jpg?impolicy=resizecrop&rw=1200&ra=fit,"Cook, MN",4,2,10,https://vrbo.com/affiliates/2688883.NdrTUuH,,Greater,https://cdn.jsdelivr.net/gh/VFDavid/STCScoop@Vrbo/images/vrbo/60db04924e269c52.jpg,,,,,,,,,,,,,,,,
Treehouse Cabin in the Bluff Woodlands South,https://media.vrbo.com/lodging/106000000/105120000/105118400/105118388/bdf912c5.jpg?impolicy=resizecrop&rw=1200&ra=fit,"Elba, MN",1,1,4,https://vrbo.com/affiliates/4000775.0qwUbDK,,Greater,https://cdn.jsdelivr.net/gh/VFDavid/STCScoop@Vrbo/images/vrbo/12b2c8e38e66172b.jpg,,,,,,,,,,,,,,,,
Cozy Lakefront Cabin with Modern Comforts & Scenic Views,https://media.vrbo.com/lodging/116000000/115720000/115711900/115711810/9035e644.jpg?impolicy=resizecrop&rw=1200&ra=fit,"Stacy, MN",1,1,4,https://vrbo.com/affiliates/4564101.tFNxPUl,,Greater,https://cdn.jsdelivr.net/gh/VFDavid/STCScoop@Vrbo/images/vrbo/71262dabb8cf68c3.jpg,,,,,,,,,,,,,,,,
The Hideaway. Private secluded lake cabin on 25 acres & optional pontoon rental.,https://media.vrbo.com/lodging/43000000/42710000/42709200/42709171/bb500281.jpg?impolicy=resizecrop&rw=1200&ra=fit,"Bigfork, MN",3,3,9,https://vrbo.com/affiliates/vrbo-usa.m6D1xrr,,Greater,https://cdn.jsdelivr.net/gh/VFDavid/STCScoop@Vrbo/images/vrbo/d501b864329f165f.jpg,,,,,,,,,,,,,,,,
"Cozy Cabin on Lake- Very Private, Kayaks/Canoe,Fire pit,Pet Friendly, Relaxing",https://media.vrbo.com/lodging/88000000/87420000/87416700/87416683/23036ab8.jpg?impolicy=resizecrop&rw=1200&ra=fit,"Clitherall, MN",1,1,6,https://vrbo.com/affiliates/3021641.MCChcr4,,Greater,https://cdn.jsdelivr.net/gh/VFDavid/STCScoop@Vrbo/images/vrbo/017e0cb9ced37a44.jpg,,,,,,,,,,,,,,,,
Cozy Stone Cottage overlooking Smith Lake,https://media.vrbo.com/lodging/89000000/88350000/88349700/88349675/00f83a12.jpg?impolicy=resizecrop&rw=1200&ra=fit,"Marcell, MN",2,1,4,https://vrbo.com/affiliates/3068637.rxPNbH7,,Greater,https://cdn.jsdelivr.net/gh/VFDavid/STCScoop@Vrbo/images/vrbo/4dc9378c13912514.jpg,,,,,,,,,,,,,,,,
"Charming Cabin on Fish Trap Lake: Fireplace, boat lift & beautiful walk out",https://media.vrbo.com/lodging/34000000/33510000/33506300/33506218/2c03b5be.jpg?impolicy=resizecrop&rw=1200&ra=fit,"Cushing, MN ",2,1+,6,https://vrbo.com/affiliates/639803.OxeIA36,,Greater,https://cdn.jsdelivr.net/gh/VFDavid/STCScoop@Vrbo/images/vrbo/1fc2e4e0df1079d1.jpg,,,,,,,,,,,,,,,,
"Lake Latoka Home w/Paddle boards, Kayaks, Paddle Boat, Pool Table, Dock, Sunsets",https://media.vrbo.com/lodging/108000000/107910000/107903800/107903712/b73753ea.jpg?impolicy=resizecrop&rw=1200&ra=fit,"Alexandria, MN",4,3+,24,https://vrbo.com/affiliates/4151704.jzeJ7gH,,Greater,https://cdn.jsdelivr.net/gh/VFDavid/STCScoop@Vrbo/images/vrbo/e359feb910d843fc.jpg,,,,,,,,,,,,,,,,
Reflections' Cabin on Lake Superior - Near Lutsen,https://media.vrbo.com/lodging/27000000/26650000/26648200/26648120/76247161.jpg?impolicy=resizecrop&rw=1200&ra=fit,"Schroeder, MN",2,1+,6,https://vrbo.com/affiliates/vrbo-usa.oumjVEU,,Greater,https://cdn.jsdelivr.net/gh/VFDavid/STCScoop@Vrbo/images/vrbo/5bd4da978c0377e8.jpg,,,,,,,,,,,,,,,,
"Luxurious Cozy Log Cabin in the Woods, Private getaway at the lake!",https://media.vrbo.com/lodging/110000000/109420000/109413100/109413014/w1024h691x0y46-bdf2b3cc.jpg?impolicy=resizecrop&rw=1200&ra=fit,"Melrose, MN",4,2,8,https://vrbo.com/affiliates/4221412.ylOD0fC,,Greater,https://cdn.jsdelivr.net/gh/VFDavid/STCScoop@Vrbo/images/vrbo/4771cb5fbd031f67.jpg,,,,,,,,,,,,,,,,
Sandy Point Mille Lacs - Sunset Views & Walking Distance to Hunter's Point!,https://media.vrbo.com/lodging/69000000/68050000/68047700/68047612/96a5e2a7.jpg?impolicy=resizecrop&rw=1200&ra=fit,"Isle, MN",3,1,10,https://vrbo.com/affiliates/2324211.K7obqcy,,Greater,https://cdn.jsdelivr.net/gh/VFDavid/STCScoop@Vrbo/images/vrbo/d728c20d52d9fceb.jpg,,,,,,,,,,,,,,,,
Big Stone Lake Family Cabin: LAKEFRONT,https://media.vrbo.com/lodging/65000000/64660000/64653500/64653483/a084c498.jpg?impolicy=resizecrop&rw=1200&ra=fit,"Ortonville, MN",2,2,6,https://vrbo.com/affiliates/2213595.eQv34Vz,,Greater,https://cdn.jsdelivr.net/gh/VFDavid/STCScoop@Vrbo/images/vrbo/e4c03b02feec45fb.jpg,,,,,,,,,,,,,,,,
The Retreat at Windsong on Lake Superior,https://media.vrbo.com/lodging/113000000/112630000/112621300/112621294/3ba494da.jpg?impolicy=resizecrop&rw=1200&ra=fit,"Beaver Bay, MN",3,3,6,https://vrbo.com/affiliates/4407401.XE2wYl5,,Greater,https://cdn.jsdelivr.net/gh/VFDavid/STCScoop@Vrbo/images/vrbo/cc186bb8813ccf26.jpg,,,,,,,,,,,,,,,,
"BEACH HOUSE ON MILLE LACS LAKE, PRIVATE DOCK",https://media.vrbo.com/lodging/116000000/115910000/115902700/115902680/w1024h767x0y1-add1d29b.jpg?impolicy=resizecrop&rw=1200&ra=fit,"Isle, MN",4,3,14,https://vrbo.com/affiliates/4572457.cDCmxaW,,Greater,https://cdn.jsdelivr.net/gh/VFDavid/STCScoop@Vrbo/images/vrbo/535baa3cb482d2f6.jpg,,,,,,,,,,,,,,,,
"Lake views throughout. Next to golf, hiking/biking trails and winery.",https://media.vrbo.com/lodging/96000000/95830000/95821600/95821599/f75ea993.jpg?impolicy=resizecrop&rw=1200&ra=fit,"Lutsen, MN",2,2+,6,https://vrbo.com/affiliates/3490459.IkyFxI3,,Greater,https://cdn.jsdelivr.net/gh/VFDavid/STCScoop@Vrbo/images/vrbo/a7d5bf76a789f5b0.jpg,,,,,,,,,,,,,,,,
3 Bed Lake House with Balconies and HOT TUB,https://media.vrbo.com/lodging/82000000/81590000/81583300/81583248/f7a2a14b.jpg?impolicy=resizecrop&rw=1200&ra=fit,"Center City, MN",3,2,7,https://vrbo.com/affiliates/2862775.Ei1ENPJ,,Greater,https://cdn.jsdelivr.net/gh/VFDavid/STCScoop@Vrbo/images/vrbo/ee65e38b1800b5bc.jpg,,,,,,,,,,,,,,,,
Private Lake & Trail Access: Home in Jacobson!,https://media.vrbo.com/lodging/112000000/111680000/111677300/111677295/62ac9a80.jpg?impolicy=resizecrop&rw=1200&ra=fit,"Jacobson, MN",3,3,8,https://vrbo.com/affiliates/vrbo-usa.FTcVhRv,,Greater,https://cdn.jsdelivr.net/gh/VFDavid/STCScoop@Vrbo/images/vrbo/3ef029b46d5b26a4.jpg,,,,,,,,,,,,,,,,
Waconia Lakefront Cottage- dogs ok,https://media.vrbo.com/lodging/96000000/95720000/95710400/95710365/4e13fdcf.jpg?impolicy=resizecrop&rw=1200&ra=fit,"Waconia, MN",4,3+,8,https://vrbo.com/affiliates/3481680.a8xBFKM,,Greater,https://cdn.jsdelivr.net/gh/VFDavid/STCScoop@Vrbo/images/vrbo/ab0f3f70520b4e3e.jpg,,,,,,,,,,,,,,,,
Paddle & Bike: Cottage w/ Dock in Pequot Lakes!,https://media.vrbo.com/lodging/117000000/116440000/116435400/116435357/04262af1.jpg?impolicy=resizecrop&rw=1200&ra=fit,"Pequot Lakes, MN",1,1,6,https://vrbo.com/affiliates/vrbo-usa.3jMwo5h,,Greater,https://cdn.jsdelivr.net/gh/VFDavid/STCScoop@Vrbo/images/vrbo/837cf94b556e8bef.jpg,,,,,,,,,,,,,,,,
"Great Swimming, Amazing Yard, Games, Lily Pad, Water Toys & More!",https://media.vrbo.com/lodging/107000000/106460000/106457800/106457710/d1a853e9.jpg?impolicy=resizecrop&rw=1200&ra=fit,"Merrifield, MN",3,2,8,https://vrbo.com/affiliates/4073883.0FPCVXe,,Greater,https://cdn.jsdelivr.net/gh/VFDavid/STCScoop@Vrbo/images/vrbo/116522f6e6fc905d.jpg,,,,,,,,,,,,,,,,
The Atomic Lodge - Luxury Mid-Century Sanctuary,https://media.vrbo.com/lodging/102000000/101300000/101299800/101299797/w901h683x62y0-11e8b0ea.jpg?impolicy=resizecrop&rw=1200&ra=fit,"Ely, MN",4,3,12,https://vrbo.com/affiliates/3782277.xkDPIYz,,Greater,https://cdn.jsdelivr.net/gh/VFDavid/STCScoop@Vrbo/images/vrbo/9253f4b5be6c2388.jpg,,,,,,,,,,,,,,,,
Modern Lake Home with game room and large patio in Spicer,https://media.vrbo.com/lodging/120000000/119300000/119291500/119291412/297f11d1.jpg?impolicy=resizecrop&rw=1200&ra=fit,"Spicer, MN",6,2,16,https://vrbo.com/affiliates/4728767.GQWnhdE,,Greater,https://cdn.jsdelivr.net/gh/VFDavid/STCScoop@Vrbo/images/vrbo/1b3189877dd9552f.jpg,,,,,,,,,,,,,,,,
Fish & Swim: Lakefront Mora Home on 2 Acres!,https://media.vrbo.com/lodging/115000000/114970000/114969000/114968997/7f8a3f30.jpg?impolicy=resizecrop&rw=1200&ra=fit,"Mora, MN",3,3,6,https://vrbo.com/affiliates/vrbo-usa.7eYh4K1,,Greater,https://cdn.jsdelivr.net/gh/VFDavid/STCScoop@Vrbo/images/vrbo/778f3e63c8475a6e.jpg,,,,,,,,,,,,,,,,
"Secluded Lakefront Home with outdoor hot tub, fire pit & indoor Hockey Rink",https://media.vrbo.com/lodging/73000000/72510000/72507500/72507418/86840152.jpg?impolicy=resizecrop&rw=1200&ra=fit,"Stillwater, MN",3,2+,8,https://vrbo.com/affiliates/2532987.GcW7gY4,,Greater,https://cdn.jsdelivr.net/gh/VFDavid/STCScoop@Vrbo/images/vrbo/12c78739524ac41d.jpg,,,,,,,,,,,,,,,,
Lake Superior Retreat Private Wooded Haven with Panoramic Views,https://media.vrbo.com/lodging/114000000/113610000/113609900/113609878/615dd13b.jpg?impolicy=resizecrop&rw=1200&ra=fit,"Hovland, MN",3,2,6,https://vrbo.com/affiliates/4466529.xXxGwtm,,Greater,https://cdn.jsdelivr.net/gh/VFDavid/STCScoop@Vrbo/images/vrbo/596875352053cba4.jpg,,,,,,,,,,,,,,,,
Lake Stella Private Beach Getaway,https://media.vrbo.com/lodging/97000000/96110000/96109200/96109136/0bc7b636.jpg?impolicy=resizecrop&rw=1200&ra=fit,"Darwin, MN",3,2+,11,https://vrbo.com/affiliates/3511843.4m8FA9g,,Greater,https://cdn.jsdelivr.net/gh/VFDavid/STCScoop@Vrbo/images/vrbo/e5683ece69ce5a3e.jpg,,,,,,,,,,,,,,,,
Historic Ponderosa Family Resort on West Fox Lake,https://media.vrbo.com/lodging/95000000/94700000/94690900/94690828/abc5e98f.jpg?impolicy=resizecrop&rw=1200&ra=fit,"Fifty Lakes, MN",9,5,25,https://vrbo.com/affiliates/3415921.vhnzUZK,,Greater,https://cdn.jsdelivr.net/gh/VFDavid/STCScoop@Vrbo/images/vrbo/d6efb34917c7cc1d.jpg,,,,,,,,,,,,,,,,
Dockside on Lake Le Homme Dieu - Prime access to Alexandria Chain of lakes,https://media.vrbo.com/lodging/118000000/117220000/117213600/117213566/6cc017ef.jpg?impolicy=resizecrop&rw=1200&ra=fit,"Alexandria, MN",4,2,12,https://vrbo.com/affiliates/4626854.Rh1lCzH,,Greater,https://cdn.jsdelivr.net/gh/VFDavid/STCScoop@Vrbo/images/vrbo/d8f7a93dbabe4373.jpg,,,,,,,,,,,,,,,,
"Lakeside Log Cabin w/Firepit, Dock, King Bed, Game Room, Scenic Relaxation",https://media.vrbo.com/lodging/112000000/111570000/111561300/111561291/9745af5d.jpg?impolicy=resizecrop&rw=1200&ra=fit,"Baxter, MN",3,2+,8,https://vrbo.com/affiliates/4336950.0Z3KvYK,,Greater,https://cdn.jsdelivr.net/gh/VFDavid/STCScoop@Vrbo/images/vrbo/75619213d1672fbe.jpg,,,,,,,,,,,,,,,,
"Clara Lake Resort - In Lutsen, MN",https://media.vrbo.com/lodging/46000000/45840000/45831100/45831073/a717ffee.jpg?impolicy=resizecrop&rw=1200&ra=fit,"Lutsen, MN",5,3+,14,https://vrbo.com/affiliates/vrbo-usa.VK2Bm0G,,Greater,https://cdn.jsdelivr.net/gh/VFDavid/STCScoop@Vrbo/images/vrbo/6901f1ec40164794.jpg,,,,,,,,,,,,,,,,
The Historic Roney House,https://media.vrbo.com/lodging/119000000/118280000/118274500/118274415/674fc568.jpg?impolicy=resizecrop&rw=1200&ra=fit,"Stillwater, MN",4,2+,9,https://vrbo.com/affiliates/4677800.i41WkaM,,Greater,https://cdn.jsdelivr.net/gh/VFDavid/STCScoop@Vrbo/images/vrbo/4cce89839c719568.jpg,,,,,,,,,,,,,,,,
Four Season Retreat - Modern And Secluded White Iron Lakeshore Cabin on 5 Acres,https://media.vrbo.com/lodging/35000000/34340000/34336600/34336511/w2491h1664x0y0-1c612170.jpg?impolicy=resizecrop&rw=1200&ra=fit,"Ely, MN",3,2,6,https://vrbo.com/affiliates/709218.FIA5YnN,,Greater,https://cdn.jsdelivr.net/gh/VFDavid/STCScoop@Vrbo/images/vrbo/6571b96058e1e024.jpg,,,,,,,,,,,,,,,,
The Red Cabin on Long Lake,https://media.vrbo.com/lodging/108000000/107140000/107131700/107131625/794d8268.jpg?impolicy=resizecrop&rw=1200&ra=fit,"Saint James, MN",1,2,6,https://vrbo.com/affiliates/4109752.Aea9Yyb,,Greater,https://cdn.jsdelivr.net/gh/VFDavid/STCScoop@Vrbo/images/vrbo/02eb66c0e8ff740a.jpg,,,,,,,,,,,,,,,,
Gorgeous 3 Bdrm Log Cabin on Woman Lake with Beautiful Views,https://media.vrbo.com/lodging/35000000/34210000/34200700/34200659/d6cf7939.jpg?impolicy=resizecrop&rw=1200&ra=fit,"Longville, MN",3,1+,6,https://vrbo.com/affiliates/375696.LXTPaxp,,Greater,https://cdn.jsdelivr.net/gh/VFDavid/STCScoop@Vrbo/images/vrbo/6f46ed14aa12b6c0.jpg,,,,,,,,,,,,,,,,